{
  "accuracy": 0.849616724738676,
  "f1_weighted": 0.8500463877476251,
  "f1_macro": 0.8539002454244666,
  "training_time": 12.858429
}